stock_no,vin,year,make,model,status,purchase_lyd,us_logistics_lyd,ocean_lyd,libya_port_lyd,customs_lyd,libya_inland_lyd,preparation_lyd,overhead_lyd,total_cost_lyd,sale_price_lyd,margin_lyd
LY-2026-0001,4T1G11AK1L7814795,2020,Toyota,Camry,PURCHASED,44166.116,0,0,0,0,0,0,0,44166.116,,
LY-2026-0002,KNDPM3AC5MC570027,2021,Kia,Sportage,PURCHASED,40741.725,0,0,0,0,0,0,0,40741.725,,
LY-2026-0003,1N4BL4DV2MU517737,2021,Nissan,Altima,PURCHASED,33902.671,0,0,0,0,0,0,0,33902.671,,
LY-2026-0004,5N1AT2MV6P0869639,2023,Nissan,Rogue,AWAITING_PICKUP,71670.477,0,0,0,0,0,0,0,71670.477,,
LY-2026-0005,5XXG64J2XHA207691,2017,Kia,K5,AWAITING_PICKUP,49574.318,0,0,0,0,0,0,0,49574.318,,
LY-2026-0006,5UXCR6C00LC228616,2020,BMW,X5,AWAITING_PICKUP,135167.736,0,0,0,0,0,0,0,135167.736,,
LY-2026-0007,5UXCR6C09MC799751,2021,BMW,X5,US_INLAND_TRANSIT,157448.714,1677.300,0,0,0,0,0,0,159126.014,,
LY-2026-0008,1G1ZD5ST7LU577615,2020,Chevrolet,Malibu,US_INLAND_TRANSIT,41987.486,2811.665,0,0,0,0,0,0,44799.151,,
LY-2026-0009,5NPEL4JA3N1334151,2022,Hyundai,Sonata,AT_US_WAREHOUSE,61913.841,5062.453,0,0,0,0,0,0,66976.294,,
LY-2026-0010,1FMSK8DH2R0789114,2024,Ford,Explorer,AT_US_WAREHOUSE,106022.376,4173.027,0,0,0,0,0,0,110195.403,,
LY-2026-0011,1GKS2BKC6P7137228,2023,GMC,Yukon,AT_US_WAREHOUSE,146860.747,3146.675,0,0,0,0,0,0,150007.422,,
LY-2026-0012,1FMSK8DH6MU586454,2021,Ford,Explorer,LOADED,115339.423,3624.308,8034.948,0,0,0,0,0,126998.679,,
LY-2026-0013,1HGCV1F33J7794895,2018,Honda,Accord,LOADED,63110.271,2811.524,7307.927,0,0,0,0,0,73229.722,,
LY-2026-0014,1FTFW1E8XLC572707,2020,Ford,F-150,LOADED,127005.869,3127.332,8196.276,0,0,0,0,0,138329.477,,
LY-2026-0015,KM8JBCAE8NK596475,2022,Hyundai,Tucson,LOADED,72106.118,2939.770,7431.541,0,0,0,0,0,82477.429,,
LY-2026-0016,5NPEL4JA6M0104060,2021,Hyundai,Sonata,IN_TRANSIT_SEA,59891.740,2108.461,7460.692,0,10367.500,0,0,0,79828.393,,
LY-2026-0017,1GNSKCKD5PC425749,2023,Chevrolet,Tahoe,IN_TRANSIT_SEA,173829.279,2069.518,9051.201,0,31295.000,0,0,0,216244.998,,
LY-2026-0018,KM8JBCAE0HA823684,2017,Hyundai,Tucson,IN_TRANSIT_SEA,92515.726,1968.988,7916.318,0,16362.500,0,0,0,118763.532,,
LY-2026-0019,5NPLM4AG7H7461687,2017,Hyundai,Elantra,IN_TRANSIT_SEA,44261.627,4481.572,7241.240,0,7480.000,0,0,0,63464.439,,
LY-2026-0020,KM8JBCAE0MA813716,2021,Hyundai,Tucson,IN_TRANSIT_SEA,59109.995,2678.416,7414.015,0,10230.000,0,0,0,79432.426,,
LY-2026-0021,2T2BZMCA6P5297687,2023,Lexus,RX 350,IN_TRANSIT_SEA,147360.661,3654.369,8640.860,0,26372.500,0,0,0,186028.390,,
LY-2026-0022,1C4RJFBG0MA201494,2021,Jeep,Grand Cherokee,IN_TRANSIT_SEA,104067.415,4453.814,8036.843,0,18425.000,0,0,0,134983.072,,
LY-2026-0023,1HGCV1F30J0881677,2018,Honda,Accord,IN_TRANSIT_SEA,82526.020,4990.198,7740.059,0,14520.000,0,0,0,109776.277,,
LY-2026-0024,5NPLM4AG5KU881957,2019,Hyundai,Elantra,AT_PORT_LIBYA,48417.138,4299.692,7224.255,555.000,0,0,0,0,60496.085,,
LY-2026-0025,2T3P1RFV2NA919694,2022,Toyota,RAV4,AT_PORT_LIBYA,71340.879,3180.332,7541.683,683.000,0,0,0,0,82745.894,,
LY-2026-0026,1GNSKCKD6N1605749,2022,Chevrolet,Tahoe,AT_PORT_LIBYA,162661.514,4177.681,8809.303,636.000,0,0,0,0,176284.498,,
LY-2026-0027,1C4RJFBG8L1786212,2020,Jeep,Grand Cherokee,AT_PORT_LIBYA,64957.569,1926.471,7451.884,575.000,0,0,0,0,74910.924,,
LY-2026-0028,2C3CDXBG5P5885005,2023,Dodge,Charger,IN_CUSTOMS,72807.887,4261.686,8094.179,798.000,12732.500,0,0,0,98694.252,,
LY-2026-0029,KM8JBCAE1MA991988,2021,Hyundai,Tucson,IN_CUSTOMS,65880.956,4724.379,7996.088,731.000,11440.000,0,0,0,90772.423,,
LY-2026-0030,5N1AT2MV3MK235494,2021,Nissan,Rogue,IN_CUSTOMS,60322.719,3005.165,7918.868,898.000,10422.500,0,0,0,82567.252,,
LY-2026-0031,5TDJZRFH4M0384939,2021,Toyota,Highlander,IN_CUSTOMS,117123.554,3804.913,8709.851,737.000,20845.000,0,0,0,151220.318,,
LY-2026-0032,1GKS2BKC5JK796485,2018,GMC,Yukon,CUSTOMS_CLEARED,127279.770,3952.745,7949.279,1180.000,26459.000,0,0,0,166820.794,,
LY-2026-0033,1N4BL4DV9L0132181,2020,Nissan,Altima,CUSTOMS_CLEARED,40157.494,3583.582,6737.066,858.000,8253.000,0,0,0,59589.142,,
LY-2026-0034,5UXCR6C0XRA671263,2024,BMW,X5,LY_INLAND_TRANSIT,185731.314,3591.209,8762.985,700.000,38866.000,347.000,0,0,237998.508,,
LY-2026-0035,55SWF8EB3PU822481,2023,Mercedes-Benz,C 300,LY_INLAND_TRANSIT,94610.974,4299.390,7496.525,674.000,19689.000,622.000,0,0,127391.889,,
LY-2026-0036,5UXCR6C06LU197625,2020,BMW,X5,IN_STOCK,137818.910,4356.923,8638.292,633.000,28737.000,657.000,1615.000,0,182456.125,,
LY-2026-0037,1G1ZD5ST9KC539162,2019,Chevrolet,Malibu,IN_STOCK,36175.905,1844.437,7225.964,579.000,7374.000,480.000,4479.000,0,58158.306,,
LY-2026-0038,4T1G11AK8K1399220,2019,Toyota,Camry,IN_STOCK,64077.884,5082.333,7612.846,595.000,13290.000,587.000,5823.000,0,97068.063,,
LY-2026-0039,KM8JBCAE0J1317262,2018,Hyundai,Tucson,IN_STOCK,76286.190,4174.893,7783.407,632.000,15755.000,661.000,7753.000,0,113045.490,,
LY-2026-0040,1N4BL4DVXP1315427,2023,Nissan,Altima,IN_STOCK,57527.016,4988.434,7578.873,894.000,11876.000,322.000,4332.000,0,87518.323,,
LY-2026-0041,1FTFW1E83P7877206,2023,Ford,F-150,IN_AUCTION,107663.970,2018.588,8275.677,569.000,22475.000,538.000,0,0,141540.235,,
LY-2026-0042,1HGCV1F37HU810625,2017,Honda,Accord,IN_AUCTION,59212.056,5011.086,7599.673,1221.000,12337.000,450.000,10611.000,0,96441.815,,
LY-2026-0043,1GKS2BKC7L0776267,2020,GMC,Yukon,IN_AUCTION,116927.886,2184.884,8404.638,577.000,24413.000,478.000,0,0,152985.408,,
LY-2026-0044,2HKRW2H53R0342882,2024,Honda,CR-V,IN_AUCTION,74388.576,2659.359,8427.542,770.000,15395.000,362.000,1480.000,0,103482.477,,
LY-2026-0045,2C3CDXBG4PA791480,2023,Dodge,Charger,IN_AUCTION,57959.050,4396.369,8196.298,645.000,12039.000,645.000,6950.000,0,90830.717,,
LY-2026-0046,1HGCV1F3XNC256983,2022,Honda,Accord,IN_AUCTION,70357.749,2679.919,8369.210,751.000,14707.000,370.000,3669.000,0,100903.878,,
LY-2026-0047,1GKS2BKCXM1805319,2021,GMC,Yukon,IN_AUCTION,122839.479,4588.535,9100.440,836.000,25601.000,540.000,0,0,163505.454,,
LY-2026-0048,5N1AT2MV8M5615011,2021,Nissan,Rogue,IN_AUCTION,40816.400,2292.861,7199.585,823.000,8329.000,485.000,3942.000,0,63887.846,,
LY-2026-0049,1FTFW1E81L0798426,2020,Ford,F-150,SOLD,93978.248,2499.954,7941.138,1190.000,19628.000,466.000,3335.000,0,129038.340,157000.000,27961.660
LY-2026-0050,2C3CDXBG8MA989006,2021,Dodge,Charger,SOLD,60739.164,3824.795,7478.709,758.000,12649.000,499.000,4873.000,0,90821.668,119000.000,28178.332
LY-2026-0051,2T2BZMCA1HA515933,2017,Lexus,RX 350,SOLD,158461.639,2154.955,8834.750,849.000,33147.000,624.000,8338.000,0,212409.344,236500.000,24090.656
LY-2026-0052,2HKRW2H56JK298935,2018,Honda,CR-V,SOLD,57959.050,3598.753,7482.362,1263.000,11944.000,519.000,5684.000,0,88450.165,95000.000,6549.835
LY-2026-0053,2HKRW2H59H1606549,2017,Honda,CR-V,DELIVERED,86365.269,2900.834,7879.086,626.000,17995.000,691.000,252.000,0,116709.189,133500.000,16790.811
LY-2026-0054,5N1AT2MV5MK534520,2021,Nissan,Rogue,DELIVERED,72449.241,3219.772,7687.994,695.000,15141.000,553.000,3930.000,0,103676.007,139000.000,35323.993
LY-2026-0055,1GNSKCKD5N0877246,2022,Chevrolet,Tahoe,DELIVERED,148654.133,3947.682,8749.385,604.000,31090.000,588.000,2408.000,0,196041.200,236000.000,39958.800
LY-2026-0056,55SWF8EB0K7987492,2019,Mercedes-Benz,C 300,DELIVERED,104593.169,3080.396,26119.320,694.000,21820.000,428.000,6728.000,0,163462.885,189000.000,25537.115
LY-2026-0057,5UXCR6C04PK450720,2023,BMW,X5,ON_HOLD,129275.986,4750.999,16727.152,842.000,0,0,0,0,151596.137,,
LY-2026-0058,5NPLM4AG9PK355091,2023,Hyundai,Elantra,ON_HOLD,30631.630,3098.680,15358.604,763.000,5005.000,0,0,0,54856.914,,